datetime,000503,600533,cash,commission,total,returns,equity_curve,drawdown
2015-01-01,0.0,0.0,100000.0,0.0,100000.0,,,
2014-04-09,,0.0,100000.0,0.0,,,,
2014-04-10,,0.0,100000.0,0.0,,,,
2014-04-11,,0.0,100000.0,0.0,,,,
2014-04-14,,0.0,100000.0,0.0,,,,
2014-04-15,,0.0,100000.0,0.0,,,,
2014-04-16,,0.0,100000.0,0.0,,,,
2014-04-17,,0.0,100000.0,0.0,,,,
2014-04-18,,0.0,100000.0,0.0,,,,
2014-04-21,,0.0,100000.0,0.0,,,,
2014-04-22,,0.0,100000.0,0.0,,,,
2014-04-23,,0.0,100000.0,0.0,,,,
2014-04-24,,0.0,100000.0,0.0,,,,
2014-04-25,,0.0,100000.0,0.0,,,,
2014-04-28,,0.0,100000.0,0.0,,,,
2014-04-29,,0.0,100000.0,0.0,,,,
2014-04-30,,0.0,100000.0,0.0,,,,
2014-05-05,,0.0,100000.0,0.0,,,,
2014-05-06,,0.0,100000.0,0.0,,,,
2014-05-07,,0.0,100000.0,0.0,,,,
2014-05-08,,0.0,100000.0,0.0,,,,
2014-05-09,,0.0,100000.0,0.0,,,,
2014-05-12,,0.0,100000.0,0.0,,,,
2014-05-13,,0.0,100000.0,0.0,,,,
2014-05-14,,0.0,100000.0,0.0,,,,
2014-05-15,,0.0,100000.0,0.0,,,,
2014-05-16,,0.0,100000.0,0.0,,,,
2014-05-19,,0.0,100000.0,0.0,,,,
2014-05-20,0.0,0.0,100000.0,0.0,100000.0,0.0,1.0,0.0
2014-05-21,0.0,0.0,100000.0,0.0,100000.0,0.0,1.0,0.0
2014-05-22,0.0,0.0,100000.0,0.0,100000.0,0.0,1.0,0.0
2014-05-23,0.0,0.0,100000.0,0.0,100000.0,0.0,1.0,0.0
2014-05-26,0.0,0.0,100000.0,0.0,100000.0,0.0,1.0,0.0
2014-05-27,0.0,0.0,100000.0,0.0,100000.0,0.0,1.0,0.0
2014-05-28,0.0,0.0,100000.0,0.0,100000.0,0.0,1.0,0.0
2014-05-29,0.0,0.0,100000.0,0.0,100000.0,0.0,1.0,0.0
2014-05-30,0.0,0.0,100000.0,0.0,100000.0,0.0,1.0,0.0
2014-06-03,0.0,0.0,100000.0,0.0,100000.0,0.0,1.0,0.0
2014-06-04,0.0,0.0,100000.0,0.0,100000.0,0.0,1.0,0.0
2014-06-05,0.0,0.0,100000.0,0.0,100000.0,0.0,1.0,0.0
2014-06-06,0.0,0.0,100000.0,0.0,100000.0,0.0,1.0,0.0
2014-06-09,0.0,0.0,100000.0,0.0,100000.0,0.0,1.0,0.0
2014-06-10,0.0,0.0,100000.0,0.0,100000.0,0.0,1.0,0.0
2014-06-11,0.0,0.0,100000.0,0.0,100000.0,0.0,1.0,0.0
2014-06-12,0.0,0.0,100000.0,0.0,100000.0,0.0,1.0,0.0
2014-06-13,0.0,0.0,100000.0,0.0,100000.0,0.0,1.0,0.0
2014-06-16,0.0,0.0,100000.0,0.0,100000.0,0.0,1.0,0.0
2014-06-17,0.0,0.0,100000.0,0.0,100000.0,0.0,1.0,0.0
2014-06-18,0.0,0.0,100000.0,0.0,100000.0,0.0,1.0,0.0
2014-06-20,0.0,0.0,100000.0,0.0,100000.0,0.0,1.0,0.0
2014-06-23,0.0,0.0,100000.0,0.0,100000.0,0.0,1.0,0.0
2014-06-24,0.0,0.0,100000.0,0.0,100000.0,0.0,1.0,0.0
2014-06-25,0.0,0.0,100000.0,0.0,100000.0,0.0,1.0,0.0
2014-06-26,0.0,0.0,100000.0,0.0,100000.0,0.0,1.0,0.0
2014-06-27,0.0,0.0,100000.0,0.0,100000.0,0.0,1.0,0.0
2014-06-30,0.0,0.0,100000.0,0.0,100000.0,0.0,1.0,0.0
2014-07-01,0.0,0.0,100000.0,0.0,100000.0,0.0,1.0,0.0
2014-07-02,0.0,0.0,100000.0,0.0,100000.0,0.0,1.0,0.0
2014-07-03,0.0,0.0,100000.0,0.0,100000.0,0.0,1.0,0.0
2014-07-04,0.0,0.0,100000.0,0.0,100000.0,0.0,1.0,0.0
2014-07-07,0.0,0.0,100000.0,0.0,100000.0,0.0,1.0,0.0
2014-07-08,0.0,0.0,100000.0,0.0,100000.0,0.0,1.0,0.0
2014-07-09,0.0,305.2,310.5,1.3,615.7,-0.993843,0.006156999999999968,0.993843
2014-07-10,0.0,303.3,310.5,1.3,613.8,-0.003085918466785964,0.006137999999999967,0.993862
2014-07-11,0.0,306.2,310.5,1.3,616.7,0.0047246660149886655,0.006166999999999968,0.9938330000000001
2014-07-14,0.0,306.2,310.5,1.3,616.7,0.0,0.006166999999999968,0.9938330000000001
2014-07-15,0.0,310.2,310.5,1.3,620.7,0.006486135884546718,0.006206999999999967,0.993793
2014-07-16,0.0,309.2,310.5,1.3,619.7,-0.0016110842597067965,0.006196999999999966,0.993803
2014-07-17,0.0,309.2,310.5,1.3,619.7,0.0,0.006196999999999966,0.993803
2014-07-18,0.0,309.2,310.5,1.3,619.7,0.0,0.006196999999999966,0.993803
2014-07-21,0.0,308.2,310.5,1.3,618.7,-0.0016136840406648645,0.006186999999999966,0.9938130000000001
2014-07-22,0.0,313.09999999999997,310.5,1.3,623.5999999999999,0.00791983190560841,0.006235999999999965,0.993764
2014-07-23,0.0,313.09999999999997,310.5,1.3,623.5999999999999,0.0,0.006235999999999965,0.993764
2014-07-24,0.0,318.0,310.5,1.3,628.5,0.007857601026298955,0.006284999999999965,0.993715
2014-07-25,0.0,317.09999999999997,310.5,1.3,627.5999999999999,-0.0014319809069214262,0.006275999999999964,0.993724
2014-07-28,0.0,323.0,310.5,1.3,633.5,0.00940089228808172,0.006334999999999965,0.993665
2014-07-29,0.0,355.5,310.5,1.3,666.0,0.05130228887134969,0.006659999999999964,0.99334
2014-07-30,0.0,342.7,310.5,1.3,653.2,-0.019219219219219097,0.006531999999999965,0.993468
2014-07-31,0.0,338.7,310.5,1.3,649.2,-0.006123698714023296,0.006491999999999965,0.9935080000000001
2014-08-01,0.0,331.8,310.5,1.3,642.3,-0.010628465804066733,0.006422999999999964,0.993577
2014-08-04,0.0,337.7,310.5,1.3,648.2,0.009185738751362527,0.006481999999999965,0.993518
2014-08-05,0.0,335.8,310.5,1.3,646.3,-0.002931194075902588,0.006462999999999964,0.993537
2014-08-06,0.0,336.8,310.5,1.3,647.3,0.001547269070091284,0.006472999999999964,0.993527
2014-08-07,0.0,329.9,310.5,1.3,640.4,-0.01065966321643752,0.006403999999999964,0.993596
2014-08-08,0.0,331.8,310.5,1.3,642.3,0.002966895690193594,0.006422999999999964,0.993577
2014-08-11,0.0,335.8,310.5,1.3,646.3,0.006227619492449099,0.006462999999999964,0.993537
2014-08-12,0.0,339.7,310.5,1.3,650.2,0.006034349373356118,0.006501999999999964,0.993498
2014-08-13,0.0,336.8,310.5,1.3,647.3,-0.004460166102737806,0.006472999999999963,0.993527
2014-08-14,0.0,334.8,310.5,1.3,645.3,-0.003089757454039832,0.006452999999999963,0.9935470000000001
2014-08-15,0.0,338.7,310.5,1.3,649.2,0.006043700604370095,0.006491999999999963,0.9935080000000001
2014-08-18,0.0,339.7,310.5,1.3,650.2,0.0015403573629082512,0.0065019999999999635,0.993498
2014-08-19,0.0,336.8,310.5,1.3,647.3,-0.004460166102737806,0.006472999999999962,0.993527
2014-08-20,0.0,341.7,310.5,1.3,652.2,0.007569905762397688,0.006521999999999962,0.9934780000000001
2014-08-21,0.0,343.6,310.5,1.3,654.1,0.0029132168046610563,0.006540999999999961,0.9934590000000001
2014-08-22,0.0,343.6,310.5,1.3,654.1,0.0,0.006540999999999961,0.9934590000000001
2014-08-25,0.0,347.6,310.5,1.3,658.1,0.006115272894053003,0.006580999999999961,0.993419
2014-08-26,0.0,337.7,310.5,1.3,648.2,-0.015043306488375596,0.006481999999999962,0.993518
2014-08-27,0.0,335.8,310.5,1.3,646.3,-0.002931194075902588,0.006462999999999961,0.993537
2014-08-28,0.0,328.90000000000003,310.5,1.3,639.4000000000001,-0.010676156583629637,0.006393999999999963,0.993606
2014-08-29,0.0,332.8,310.5,1.3,643.3,0.006099468251485662,0.006432999999999962,0.9935670000000001
2014-09-01,0.0,332.8,310.5,1.3,643.3,0.0,0.006432999999999962,0.9935670000000001
2014-09-02,0.0,337.7,310.5,1.3,648.2,0.007616974972796564,0.006481999999999963,0.993518
2014-09-03,0.0,339.7,310.5,1.3,650.2,0.003085467448318502,0.006501999999999963,0.993498
2014-09-04,0.0,343.6,310.5,1.3,654.1,0.005998154414026402,0.006540999999999962,0.9934590000000001
2014-09-05,0.0,344.6,310.5,1.3,655.1,0.0015288182235131398,0.006550999999999961,0.993449
2014-09-09,0.0,346.6,310.5,1.3,657.1,0.003052969012364626,0.006570999999999962,0.993429
2014-09-10,0.0,350.5,310.5,1.3,661.0,0.005935169684979424,0.006609999999999962,0.99339
2014-09-11,0.0,347.6,310.5,1.3,658.1,-0.00438729198184562,0.006580999999999963,0.993419
2014-09-12,0.0,352.5,310.5,1.3,663.0,0.007445676948791835,0.0066299999999999614,0.9933700000000001
2014-09-15,0.0,362.40000000000003,310.5,1.3,672.9000000000001,0.014932126696832748,0.006728999999999962,0.993271
2014-09-16,0.0,353.5,310.5,1.3,664.0,-0.013226333779164934,0.006639999999999961,0.99336
2014-09-17,0.0,378.1,310.5,1.3,688.6,0.0370481927710844,0.00688599999999996,0.993114
2014-09-18,0.0,370.2,310.5,1.3,680.7,-0.011472553006099284,0.006806999999999961,0.993193
2014-09-19,0.0,374.2,310.5,1.3,684.7,0.0058763038049067795,0.006846999999999961,0.9931530000000001
2014-09-22,0.0,362.40000000000003,310.5,1.3,672.9000000000001,-0.017233825032861083,0.006728999999999962,0.993271
2014-09-23,0.0,368.29999999999995,310.5,1.3,678.8,0.008768019022142859,0.006787999999999961,0.993212
2014-09-24,0.0,369.20000000000005,310.5,1.3,679.7,0.0013258691809077128,0.006796999999999962,0.9932030000000001
2014-09-25,0.0,363.3,310.5,1.3,673.8,-0.0086803001324115,0.006737999999999961,0.9932620000000001
2014-09-26,0.0,366.29999999999995,310.5,1.3,676.8,0.0044523597506678225,0.006767999999999961,0.993232
2014-09-29,0.0,375.2,310.5,1.3,685.7,0.013150118203309802,0.006856999999999961,0.993143
2014-09-30,0.0,376.1,310.5,1.3,686.6,0.0013125273443197472,0.0068659999999999615,0.9931340000000001
2014-10-08,0.0,381.1,310.5,1.3,691.6,0.0072822604136324465,0.006915999999999961,0.9930840000000001
2014-10-09,0.0,379.09999999999997,310.5,1.3,689.5999999999999,-0.0028918449971083726,0.0068959999999999595,0.993104
2014-10-10,0.0,383.0,310.5,1.3,693.5,0.005655452436194919,0.006934999999999959,0.9930650000000001
2014-10-13,0.0,388.9,310.5,1.3,699.4,0.008507570295601896,0.006993999999999959,0.993006
2014-10-14,0.0,388.9,310.5,1.3,699.4,0.0,0.006993999999999959,0.993006
2014-10-15,0.0,384.0,310.5,1.3,694.5,-0.007006005147269012,0.006944999999999959,0.993055
2014-10-16,0.0,397.8,310.5,1.3,708.3,0.01987041036717052,0.007082999999999957,0.992917
2014-10-17,2259.0,437.2,2259.3,2.6,4955.5,5.996329239023013,0.0495549999999997,0.9504450000000003
2014-10-20,2304.0,416.5,2259.3,2.6,4979.8,0.004903642417515952,0.049797999999999704,0.9502020000000003
2014-10-21,2259.0,391.9,2259.3,2.6,4910.200000000001,-0.013976464918269649,0.049101999999999715,0.9508980000000002
2014-10-22,2171.0,381.1,2259.3,2.6,4811.4,-0.020121379984522236,0.04811399999999971,0.9518860000000002
2014-10-23,2167.0,373.20000000000005,2259.3,2.6,4799.5,-0.0024732925967493324,0.04799499999999972,0.9520050000000003
2014-10-24,2170.0,374.2,2259.3,2.6,4803.5,0.0008334201479320846,0.04803499999999972,0.9519650000000003
2014-10-27,2177.0,367.3,2259.3,2.6,4803.6,2.0818153429802422e-05,0.04803599999999972,0.9519640000000003
2014-10-28,2198.0,379.09999999999997,2259.3,2.6,4836.4,0.006828212174202486,0.048363999999999706,0.9516360000000003
2014-10-29,2256.0,387.0,2259.3,2.6,4902.3,0.013625837399718899,0.049022999999999706,0.9509770000000003
2014-10-30,2229.0,386.0,2259.3,2.6,4874.3,-0.005711604756950872,0.0487429999999997,0.9512570000000002
2014-10-31,2295.0,397.8,2259.3,2.6,4952.1,0.015961266233100124,0.0495209999999997,0.9504790000000003
2014-11-03,2296.0,401.70000000000005,2259.3,2.6,4957.0,0.0009894792108398054,0.0495699999999997,0.9504300000000003
2014-11-04,2360.0,404.7,2259.3,2.6,5024.0,0.013516239661085283,0.05023999999999969,0.9497600000000003
2014-11-05,2338.0,398.8,2259.3,2.6,4996.1,-0.005553343949044498,0.04996099999999969,0.9500390000000003
2014-11-06,2302.0,395.8,2259.3,2.6,4957.1,-0.0078060887492243936,0.0495709999999997,0.9504290000000003
2014-11-07,2377.0,393.9,2259.3,2.6,5030.200000000001,0.01474652518609676,0.050301999999999694,0.9496980000000003
2014-11-10,2480.0,397.8,2259.3,2.6,5137.1,0.02125164009383318,0.05137099999999969,0.9486290000000003
2014-11-11,2361.0,384.0,2259.3,2.6,5004.3,-0.025851161160966307,0.0500429999999997,0.9499570000000003
2014-11-12,2433.0,389.9,2259.3,2.6,5082.200000000001,0.015566612713066919,0.0508219999999997,0.9491780000000003
2014-11-13,2376.0,388.0,2259.3,2.6,5023.3,-0.011589469127543328,0.050232999999999695,0.9497670000000002
2014-11-14,2380.0,382.0,2259.3,2.6,5021.3,-0.00039814464594989385,0.050212999999999695,0.9497870000000003
2014-11-17,2450.0,387.0,2259.3,2.6,5096.3,0.014936371059287357,0.05096299999999969,0.9490370000000004
2014-11-18,2559.0,389.9,2259.3,2.6,5208.200000000001,0.021957106135824134,0.05208199999999969,0.9479180000000003
2014-11-19,2541.0,389.9,2259.3,2.6,5190.200000000001,-0.0034560884758649824,0.05190199999999969,0.9480980000000003
2014-11-20,2545.0,388.9,2259.3,2.6,5193.200000000001,0.0005780124079997062,0.051931999999999694,0.9480680000000004
2014-11-21,2560.0,391.9,2259.3,2.6,5211.200000000001,0.0034660710159439834,0.05211199999999969,0.9478880000000003
2014-11-24,2812.0,408.6,2259.3,2.6,5479.9,0.05156202026404655,0.054798999999999674,0.9452010000000003
2014-11-25,2850.0,405.70000000000005,2259.3,2.6,5515.0,0.0064052263727440995,0.05514999999999968,0.9448500000000003
2014-11-26,2829.0,406.70000000000005,2259.3,2.6,5495.0,-0.0036264732547597323,0.05494999999999968,0.9450500000000003
2014-11-27,2831.0,411.59999999999997,2259.3,2.6,5501.9,0.001255686988171023,0.05501899999999968,0.9449810000000003
2014-11-28,2826.0,420.5,2259.3,2.6,5505.8,0.0007088460350062054,0.055057999999999684,0.9449420000000003
2014-12-01,2875.0,414.49999999999994,2259.3,2.6,5548.8,0.007809945875258739,0.055487999999999676,0.9445120000000004
2014-12-02,2865.0,419.5,2259.3,2.6,5543.8,-0.000901095732410595,0.055437999999999675,0.9445620000000003
2014-12-03,2800.0,428.3,2259.3,2.6,5487.6,-0.010137450845990048,0.05487599999999968,0.9451240000000003
2014-12-04,2867.0,434.2,2259.3,2.6,5560.5,0.01328449595451553,0.05560499999999967,0.9443950000000003
2014-12-05,2925.0,412.6,2259.3,2.6,5596.9,0.006546173905224384,0.055968999999999665,0.9440310000000003
2014-12-08,2859.0,417.5,2259.3,2.6,5535.8,-0.010916757490753715,0.05535799999999967,0.9446420000000003
2014-12-09,2573.0,412.6,2259.3,2.6,5244.9,-0.05254886375952894,0.05244899999999968,0.9475510000000004
2014-12-10,2771.0,420.5,2259.3,2.6,5450.8,0.039257183168411425,0.05450799999999968,0.9454920000000003
2014-12-11,2882.0,433.3,2259.3,2.6,5574.6,0.022712262420195195,0.05574599999999967,0.9442540000000004
2014-12-12,3170.0,432.30000000000007,2259.3,2.6,5861.6,0.05148351451225208,0.05861599999999966,0.9413840000000003
2014-12-15,3150.0,441.09999999999997,2259.3,2.6,5850.4,-0.0019107410945817804,0.058503999999999654,0.9414960000000003
2014-12-16,3176.0,446.1,2259.3,2.6,5881.4,0.0052987829891972815,0.05881399999999965,0.9411860000000003
2014-12-17,3222.9999999999995,437.2,2259.3,2.6,5919.5,0.006478049444009981,0.05919499999999965,0.9408050000000003
2014-12-18,3361.0,431.29999999999995,2259.3,2.6,6051.6,0.02231607399273594,0.060515999999999646,0.9394840000000003
2014-12-19,3306.0,432.30000000000007,2259.3,2.6,5997.6,-0.008923259964306984,0.05997599999999965,0.9400240000000003
2014-12-22,3115.0,434.2,2259.3,2.6,5808.5,-0.03152927837801789,0.05808499999999966,0.9419150000000004
2014-12-23,3102.0,444.09999999999997,2259.3,2.6,5805.4,-0.0005337006111733045,0.058053999999999654,0.9419460000000004
2014-12-24,3098.0,452.9,2259.3,2.6,5810.200000000001,0.0008268164123059751,0.05810199999999967,0.9418980000000003
2014-12-25,3135.0,451.99999999999994,2259.3,2.6,5846.3,0.006213211249182393,0.05846299999999966,0.9415370000000003
2014-12-26,3168.0,465.7,2259.3,2.6,5893.0,0.007987958195782019,0.05892999999999966,0.9410700000000003
2014-12-29,3096.0,496.3,2259.3,2.6,5851.6,-0.007025284235533613,0.05851599999999967,0.9414840000000003
2014-12-30,3062.0,467.69999999999993,2259.3,2.6,5789.0,-0.010697928771618126,0.05788999999999967,0.9421100000000003
2014-12-31,3128.0,492.3,2259.3,2.6,5879.6,0.015650371394023255,0.058795999999999675,0.9412040000000004
2015-01-05,3163.0,499.2,2259.3,2.6,5921.5,0.00712633512483829,0.059214999999999664,0.9407850000000003
2015-01-06,3217.0,478.5,2259.3,2.6,5954.8,0.0056235751076585405,0.059547999999999664,0.9404520000000003
2015-01-07,3158.0,480.5,2259.3,2.6,5897.8,-0.009572109894538827,0.05897799999999967,0.9410220000000004
2015-01-08,3071.0,463.8,2259.3,2.6,5794.1,-0.017582827494998066,0.05794099999999968,0.9420590000000003
2015-01-09,3077.0,460.79999999999995,2259.3,2.6,5797.1,0.0005177680744206103,0.05797099999999968,0.9420290000000003
2015-01-12,3093.0,445.09999999999997,2259.3,2.6,5797.4,5.1750012937334944e-05,0.05797399999999967,0.9420260000000004
2015-01-13,3179.0,446.1,2259.3,2.6,5884.4,0.015006727153551669,0.058843999999999674,0.9411560000000003
2015-01-14,3158.0,440.09999999999997,2259.3,2.6,5857.4,-0.004588403235673999,0.058573999999999675,0.9414260000000003
2015-01-15,3200.0,449.0,2259.3,2.6,5908.3,0.00868986239628522,0.059082999999999684,0.9409170000000003
2015-01-16,3390.9999999999995,451.99999999999994,2259.3,2.6,6102.299999999999,0.03283516409119369,0.06102299999999967,0.9389770000000003
2015-01-19,3311.9999999999995,414.49999999999994,2259.3,2.6,5985.799999999999,-0.019091162348622626,0.059857999999999675,0.9401420000000004
2015-01-20,3497.9999999999995,426.40000000000003,2259.3,2.6,6183.7,0.03306157907046692,0.06183699999999967,0.9381630000000003
2015-01-21,3529.9999999999995,447.0,2259.3,2.6,6236.299999999999,0.008506234131668622,0.06236299999999966,0.9376370000000004
2015-01-22,3550.0,446.1,2259.3,2.6,6255.4,0.0030627134679217516,0.06255399999999967,0.9374460000000003
2015-01-23,3465.0,446.1,2259.3,2.6,6170.4,-0.013588259743581577,0.06170399999999967,0.9382960000000004
2015-01-26,3546.0,451.99999999999994,2259.3,2.6,6257.3,0.014083365746142995,0.06257299999999967,0.9374270000000003
2015-01-27,3595.0000000000005,447.0,2259.3,2.6,6301.300000000001,0.007031786872932599,0.06301299999999968,0.9369870000000003
2015-01-28,3539.0,445.09999999999997,2259.3,2.6,6243.4,-0.009188580134258273,0.06243399999999966,0.9375660000000003
2015-01-29,3767.0,441.09999999999997,2259.3,2.6,6467.4,0.03587788704872352,0.06467399999999966,0.9353260000000003
2015-01-30,3664.0,443.1,2259.3,2.6,6366.4,-0.015616785725330096,0.06366399999999967,0.9363360000000003
2015-02-02,3677.0000000000005,427.29999999999995,2259.3,2.6,6363.6,-0.00043980899723539135,0.06363599999999967,0.9363640000000003
2015-02-03,3685.0,432.30000000000007,2259.3,2.6,6376.6,0.0020428688163931508,0.06376599999999966,0.9362340000000003
2015-02-04,3659.0000000000005,430.3,2259.3,2.6,6348.6,-0.004391054794090854,0.06348599999999965,0.9365140000000003
2015-02-05,3581.0,429.3,2259.3,2.6,6269.6,-0.012443688372239525,0.06269599999999965,0.9373040000000004
2015-02-06,3518.0,417.5,2259.3,2.6,6194.8,-0.01193058568329719,0.061947999999999656,0.9380520000000003
2015-02-09,3576.0,422.40000000000003,2259.3,2.6,6257.700000000001,0.010153677277716877,0.06257699999999966,0.9374230000000003
2015-02-10,3665.9999999999995,425.4,2259.3,2.6,6350.7,0.014861690397430127,0.06350699999999965,0.9364930000000004
2015-02-11,3835.0,425.4,2259.3,2.6,6519.700000000001,0.026611239705859324,0.06519699999999964,0.9348030000000004
2015-02-12,3826.0,430.3,2259.3,2.6,6515.6,-0.0006288632912557768,0.06515599999999964,0.9348440000000003
2015-02-13,3834.0000000000005,437.2,2259.3,2.6,6530.5,0.0022868193259253378,0.06530499999999964,0.9346950000000004
2015-02-16,3885.0,443.1,2259.3,2.6,6587.4,0.008712962254038725,0.06587399999999964,0.9341260000000003
2015-02-17,4127.0,445.09999999999997,2259.3,2.6,6831.4,0.03704041048061457,0.06831399999999964,0.9316860000000003
2015-02-25,4099.0,445.09999999999997,2259.3,2.6,6803.4,-0.00409872061363703,0.06803399999999964,0.9319660000000004
2015-02-26,4070.0000000000005,451.0,2259.3,2.6,6780.300000000001,-0.003395361142957687,0.06780299999999966,0.9321970000000004
2015-02-27,4228.0,458.90000000000003,2259.3,2.6,6946.200000000001,0.024467943896287814,0.06946199999999965,0.9305380000000003
2015-03-02,4217.0,462.8,2259.3,2.6,6939.1,-0.001022141602602944,0.06939099999999965,0.9306090000000004
2015-03-03,4046.0,457.9,2259.3,2.6,6763.200000000001,-0.025349108674035503,0.06763199999999966,0.9323680000000003
2015-03-04,4212.0,458.90000000000003,2259.3,2.6,6930.200000000001,0.02469245327655556,0.06930199999999966,0.9306980000000004
2015-03-05,4181.0,458.90000000000003,2259.3,2.6,6899.200000000001,-0.004473175377333938,0.06899199999999966,0.9310080000000003
2015-03-06,4097.0,457.9,2259.3,2.6,6814.200000000001,-0.012320269016697583,0.06814199999999968,0.9318580000000003
2015-03-09,4100.0,459.8,2259.3,2.6,6819.1,0.0007190866132487095,0.06819099999999967,0.9318090000000003
2015-03-10,4079.0,465.7,2259.3,2.6,6804.0,-0.0022143684650467454,0.06803999999999967,0.9319600000000003
2015-03-11,4050.0,467.69999999999993,2259.3,2.6,6777.0,-0.003968253968253954,0.06776999999999968,0.9322300000000003
2015-03-12,4070.0000000000005,483.5,2259.3,2.6,6812.800000000001,0.005282573410063662,0.06812799999999969,0.9318720000000003
2015-03-13,4100.0,479.5,2259.3,2.6,6838.8,0.0038163457022075686,0.06838799999999969,0.9316120000000003
2015-03-16,4364.0,491.3,2259.3,2.6,7114.6,0.040328712639644326,0.07114599999999967,0.9288540000000003
2015-03-17,4358.0,494.29999999999995,2259.3,2.6,7111.6,-0.0004216681190790661,0.07111599999999967,0.9288840000000004
2015-03-18,4420.0,507.09999999999997,2259.3,2.6,7186.4,0.01051802688565151,0.07186399999999965,0.9281360000000003
2015-03-19,4377.0,515.0,2259.3,2.6,7151.3,-0.004884225759768324,0.07151299999999966,0.9284870000000003
2015-03-20,4603.0,519.9,2259.3,2.6,7382.200000000001,0.03228783577811045,0.07382199999999967,0.9261780000000004
2015-03-23,4603.0,526.8,2259.3,2.6,7389.1,0.0009346807184849037,0.07389099999999965,0.9261090000000003
2015-03-24,4603.0,522.9,2259.3,2.6,7385.200000000001,-0.0005278044687444527,0.07385199999999965,0.9261480000000003
2015-03-25,4603.0,521.9,2259.3,2.6,7384.200000000001,-0.00013540594702921016,0.07384199999999966,0.9261580000000004
2015-03-26,4603.0,522.9,2259.3,2.6,7385.200000000001,0.00013542428428259257,0.07385199999999965,0.9261480000000003
2015-03-27,4603.0,538.6,2259.3,2.6,7400.9,0.002125873368358233,0.07400899999999964,0.9259910000000003
2015-03-30,4603.0,560.3,2259.3,2.6,7422.6,0.0029320758286155435,0.07422599999999965,0.9257740000000003
2015-03-31,4603.0,544.5,2259.3,2.6,7406.8,-0.002128634171314703,0.07406799999999965,0.9259320000000003
2015-04-01,4603.0,549.4,2259.3,2.6,7411.700000000001,0.0006615542474484037,0.07411699999999966,0.9258830000000003
2015-04-02,4603.0,554.4,2259.3,2.6,7416.700000000001,0.0006746090640474822,0.07416699999999966,0.9258330000000004
2015-04-03,4603.0,570.0999999999999,2259.3,2.6,7432.4,0.0021168444186765445,0.07432399999999964,0.9256760000000004
2015-04-07,4603.0,589.8,2259.3,2.6,7452.1,0.002650557020612565,0.07452099999999964,0.9254790000000004
2015-04-08,4603.0,586.9,2259.3,2.6,7449.200000000001,-0.00038915205109968376,0.07449199999999964,0.9255080000000003
2015-04-09,4603.0,580.9,2259.3,2.6,7443.200000000001,-0.0008054556193953788,0.07443199999999964,0.9255680000000004
2015-04-10,4603.0,605.6,2259.3,2.6,7467.9,0.003318465176268104,0.07467899999999962,0.9253210000000004
2015-04-13,4603.0,655.8,2259.3,2.6,7518.1,0.006722103938188839,0.07518099999999962,0.9248190000000004
2015-04-14,4603.0,646.9,2259.3,2.6,7509.200000000001,-0.0011838097391627667,0.07509199999999963,0.9249080000000004
2015-04-15,4603.0,615.4,2259.3,2.6,7477.700000000001,-0.004194854312043916,0.07477699999999964,0.9252230000000004
2015-04-16,4603.0,619.4,2259.3,2.6,7481.700000000001,0.0005349238402183598,0.07481699999999965,0.9251830000000003
2015-04-17,4603.0,623.3,2259.3,2.6,7485.6,0.0005212719034444202,0.07485599999999965,0.9251440000000004
2015-04-20,4603.0,608.5,2259.3,2.6,7470.8,-0.001977129421823265,0.07470799999999965,0.9252920000000003
2015-04-21,4603.0,622.3,2259.3,2.6,7484.6,0.001847191733147735,0.07484599999999965,0.9251540000000004
2015-04-22,4603.0,645.0,2259.3,2.6,7507.3,0.0030328942094433042,0.07507299999999964,0.9249270000000004
2015-04-23,4603.0,660.7,2259.3,2.6,7523.0,0.0020912978034712815,0.07522999999999964,0.9247700000000003
2015-04-24,4603.0,669.6,2259.3,2.6,7531.9,0.0011830386813771465,0.07531899999999965,0.9246810000000003
2015-04-27,4603.0,661.7,2259.3,2.6,7524.0,-0.0010488721305380588,0.07523999999999965,0.9247600000000004
2015-04-28,4603.0,630.1999999999999,2259.3,2.6,7492.5,-0.004186602870813405,0.07492499999999966,0.9250750000000003
2015-04-29,4603.0,639.0,2259.3,2.6,7501.3,0.0011745078411744547,0.07501299999999965,0.9249870000000003
2015-04-30,5063.0,647.9,2259.3,2.6,7970.200000000001,0.06250916507805315,0.07970199999999963,0.9202980000000004
2015-05-04,4869.0,675.5,2259.3,2.6,7803.8,-0.0208777696921032,0.07803799999999964,0.9219620000000004
2015-05-05,4382.0,643.0,2259.3,2.6,7284.3,-0.06657013249955146,0.07284299999999966,0.9271570000000003
2015-05-06,4422.0,634.1,2259.3,2.6,7315.4,0.004269456227777413,0.07315399999999965,0.9268460000000004
2015-05-07,4148.0,601.6,2259.3,2.6,7008.9,-0.04189791398966569,0.07008899999999967,0.9299110000000004
2015-05-08,4455.0,612.5,2259.3,2.6,7326.8,0.04535661801423907,0.07326799999999965,0.9267320000000003
2015-05-11,4857.0,633.1,2259.3,2.6,7749.4,0.057678659169077884,0.07749399999999963,0.9225060000000004
2015-05-12,4855.0,631.2,2259.3,2.6,7745.5,-0.000503264768885292,0.07745499999999964,0.9225450000000004
2015-05-13,5280.0,637.1,2259.3,2.6,8176.4,0.055632302627331986,0.08176399999999961,0.9182360000000004
2015-05-14,5702.0,657.8000000000001,2259.3,2.6,8619.1,0.0541436328946725,0.0861909999999996,0.9138090000000004
2015-05-15,5701.0,628.2,2259.3,2.6,8588.5,-0.003550254666960684,0.0858849999999996,0.9141150000000005
2015-05-18,5799.0,623.3,2259.3,2.6,8681.6,0.010840076846946545,0.0868159999999996,0.9131840000000004
2015-05-19,6210.0,645.0,2259.3,2.6,9114.3,0.04984104312569104,0.09114299999999957,0.9088570000000005
2015-05-20,6190.0,644.0,2259.3,2.6,9093.3,-0.002304071623712156,0.09093299999999957,0.9090670000000004
2015-05-21,6173.0,704.0,2259.3,2.6,9136.3,0.004728756337083251,0.09136299999999956,0.9086370000000005
2015-05-22,6006.0,724.7,2259.3,2.6,8990.0,-0.016013046857042745,0.08989999999999956,0.9101000000000005
2015-05-25,6115.0,738.5,2259.3,2.6,9112.8,0.013659621802002198,0.09112799999999956,0.9088720000000005
2015-05-26,6540.000000000001,766.0999999999999,2259.3,2.6,9565.400000000001,0.049666403300851814,0.09565399999999956,0.9043460000000004
2015-05-27,6466.0,772.0,2259.3,2.6,9497.3,-0.007119409538545396,0.09497299999999954,0.9050270000000005
2015-05-28,6102.0,725.6999999999999,2259.3,2.6,9087.0,-0.04320175207690602,0.09086999999999956,0.9091300000000004
2015-05-29,6240.0,798.6,2259.3,2.6,9297.9,0.023208979861340406,0.09297899999999955,0.9070210000000004
2015-06-01,6864.0,869.5,2259.3,2.6,9992.8,0.07473730627345954,0.0999279999999995,0.9000720000000005
2015-06-02,7538.0,871.4000000000001,2259.3,2.6,10668.7,0.06763869986390225,0.10668699999999949,0.8933130000000005
2015-06-03,7430.0,959.0999999999999,2259.3,2.6,10648.4,-0.00190276228593933,0.10648399999999948,0.8935160000000005
2015-06-04,7419.0,998.4,2259.3,2.6,10676.7,0.0026576762706134183,0.10676699999999947,0.8932330000000005
2015-06-05,7350.0,988.5,2259.3,2.6,10597.8,-0.007389923852876068,0.10597799999999946,0.8940220000000005
2015-06-08,7669.0,985.5,2259.3,2.6,10913.8,0.02981750929438176,0.10913799999999943,0.8908620000000006
2015-06-09,7500.0,988.5,2259.3,2.6,10747.8,-0.015210100973079954,0.10747799999999944,0.8925220000000006
2015-06-10,7456.999999999999,1009.3,2259.3,2.6,10725.599999999999,-0.0020655389940267277,0.10725599999999944,0.8927440000000005
2015-06-11,7819.0,996.4000000000001,2259.3,2.6,11074.7,0.03254829566644313,0.11074699999999944,0.8892530000000005
2015-06-12,7775.0,1030.1,2259.3,2.6,11064.4,-0.0009300477665310503,0.11064399999999942,0.8893560000000006
2015-06-15,7370.0,1015.1999999999999,2259.3,2.6,10644.5,-0.03795054408734311,0.10644499999999946,0.8935550000000005
2015-06-16,6798.999999999999,937.1,2259.3,2.6,9995.4,-0.060979848748179855,0.09995399999999949,0.9000460000000006
2015-06-17,7020.999999999999,951.9,2259.3,2.6,10232.199999999999,0.02369089781299394,0.10232199999999947,0.8976780000000005
2015-06-18,6385.0,917.3,2259.3,2.6,9561.6,-0.06553820292801149,0.09561599999999951,0.9043840000000005
2015-06-19,6399.0,832.1999999999999,2259.3,2.6,9490.5,-0.007435993975903665,0.0949049999999995,0.9050950000000005
2015-06-23,6240.0,828.2,2259.3,2.6,9327.5,-0.017175069806648735,0.09327499999999951,0.9067250000000004
2015-06-24,6219.0,864.8,2259.3,2.6,9343.1,0.0016724738675959472,0.09343099999999953,0.9065690000000005
2015-06-25,5675.0,830.1999999999999,2259.3,2.6,8764.5,-0.06192805385792732,0.08764499999999956,0.9123550000000005
2015-06-26,5108.0,747.1,2259.3,2.6,8114.4,-0.07417422556905706,0.08114399999999958,0.9188560000000005
2015-06-29,4597.0,687.6999999999999,2259.3,2.6,7544.0,-0.07029478458049887,0.0754399999999996,0.9245600000000004
2015-06-30,4900.0,739.2,2259.3,2.6,7898.5,0.04699098621420994,0.07898499999999958,0.9210150000000004
2015-07-01,4412.0,696.6,2259.3,2.6,7367.9,-0.06717731214787626,0.0736789999999996,0.9263210000000004
2015-07-02,3971.0,633.3000000000001,2259.3,2.6,6863.6,-0.06844555436420141,0.06863599999999964,0.9313640000000003
2015-07-03,3574.0,570.0,2259.3,2.6,6403.3,-0.0670639314645376,0.06403299999999966,0.9359670000000003
2015-07-06,3574.0,523.5,2259.3,2.6,6356.8,-0.007261880592819292,0.06356799999999967,0.9364320000000004
2015-07-07,3574.0,471.0,2259.3,2.6,6304.3,-0.008258872388623217,0.06304299999999967,0.9369570000000004
2015-07-08,3574.0,423.50000000000006,2259.3,2.6,6256.8,-0.007534539917199323,0.06256799999999968,0.9374320000000003
2015-07-09,3574.0,466.09999999999997,2259.3,2.6,6299.4,0.006808592251630108,0.06299399999999968,0.9370060000000003
2015-07-10,3574.0,512.6,2259.3,2.6,6345.9,0.007381655395751974,0.06345899999999967,0.9365410000000003
2015-07-13,3574.0,564.0,2259.3,2.6,6397.3,0.00809971792811126,0.06397299999999968,0.9360270000000003
2015-07-14,3574.0,574.9,2259.3,2.6,6408.200000000001,0.0017038438091070418,0.06408199999999968,0.9359180000000004
2015-07-15,3574.0,517.5,2259.3,2.6,6350.8,-0.008957273493336748,0.06350799999999968,0.9364920000000003
2015-07-16,3574.0,526.4,2259.3,2.6,6359.700000000001,0.0014013982490395094,0.06359699999999968,0.9364030000000003
2015-07-17,3574.0,560.1,2259.3,2.6,6393.4,0.005298992090821741,0.06393399999999967,0.9360660000000003
2015-07-20,0.0,564.0,-3572.7,3.9000000000000004,-3008.7,-1.4705946757593769,-0.030086999999999847,1.0300869999999998
2015-07-21,0.0,570.0,-3572.7,3.9000000000000004,-3002.7,-0.001994216771363022,-0.03002699999999985,1.0300269999999998
2015-07-22,0.0,574.9,-3572.7,3.9000000000000004,-2997.7999999999997,-0.0016318646551437554,-0.02997799999999985,1.0299779999999998
2015-07-23,0.0,0.0,-573.6,5.2,-573.6,-0.8086596837680966,-0.005735999999999971,1.005736
2015-07-24,0.0,0.0,-573.6,5.2,-573.6,0.0,-0.005735999999999971,1.005736
2015-07-27,0.0,0.0,-573.6,5.2,-573.6,0.0,-0.005735999999999971,1.005736
2015-07-28,0.0,0.0,-573.6,5.2,-573.6,0.0,-0.005735999999999971,1.005736
2015-07-29,0.0,0.0,-573.6,5.2,-573.6,0.0,-0.005735999999999971,1.005736
2015-07-30,0.0,0.0,-573.6,5.2,-573.6,0.0,-0.005735999999999971,1.005736
2015-07-31,0.0,0.0,-573.6,5.2,-573.6,0.0,-0.005735999999999971,1.005736
2015-12-15,0.0,0.0,-573.6,5.2,-573.6,0.0,-0.005735999999999971,1.005736
2015-12-16,0.0,0.0,-573.6,5.2,-573.6,0.0,-0.005735999999999971,1.005736
2015-12-17,0.0,0.0,-573.6,5.2,-573.6,0.0,-0.005735999999999971,1.005736
2015-12-18,0.0,0.0,-573.6,5.2,-573.6,0.0,-0.005735999999999971,1.005736
2015-12-21,0.0,0.0,-573.6,5.2,-573.6,0.0,-0.005735999999999971,1.005736
2015-12-22,0.0,0.0,-573.6,5.2,-573.6,0.0,-0.005735999999999971,1.005736
2015-12-23,0.0,0.0,-573.6,5.2,-573.6,0.0,-0.005735999999999971,1.005736
2015-12-24,0.0,0.0,-573.6,5.2,-573.6,0.0,-0.005735999999999971,1.005736
2015-12-25,0.0,0.0,-573.6,5.2,-573.6,0.0,-0.005735999999999971,1.005736
2015-12-28,0.0,0.0,-573.6,5.2,-573.6,0.0,-0.005735999999999971,1.005736
2015-12-29,0.0,0.0,-573.6,5.2,-573.6,0.0,-0.005735999999999971,1.005736
2015-12-30,0.0,0.0,-573.6,5.2,-573.6,0.0,-0.005735999999999971,1.005736
2015-12-31,0.0,0.0,-573.6,5.2,-573.6,0.0,-0.005735999999999971,1.005736
2016-01-04,0.0,0.0,-573.6,5.2,-573.6,0.0,-0.005735999999999971,1.005736
2016-01-05,0.0,0.0,-573.6,5.2,-573.6,0.0,-0.005735999999999971,1.005736
2016-01-06,0.0,0.0,-573.6,5.2,-573.6,0.0,-0.005735999999999971,1.005736
2016-01-07,0.0,0.0,-573.6,5.2,-573.6,0.0,-0.005735999999999971,1.005736
2016-01-08,0.0,0.0,-573.6,5.2,-573.6,0.0,-0.005735999999999971,1.005736
2016-01-11,0.0,0.0,-573.6,5.2,-573.6,0.0,-0.005735999999999971,1.005736
2016-01-12,0.0,0.0,-573.6,5.2,-573.6,0.0,-0.005735999999999971,1.005736
2016-01-13,0.0,0.0,-573.6,5.2,-573.6,0.0,-0.005735999999999971,1.005736
2016-01-14,0.0,0.0,-573.6,5.2,-573.6,0.0,-0.005735999999999971,1.005736
2016-01-15,0.0,0.0,-573.6,5.2,-573.6,0.0,-0.005735999999999971,1.005736
2016-01-18,0.0,0.0,-573.6,5.2,-573.6,0.0,-0.005735999999999971,1.005736
2016-01-19,0.0,0.0,-573.6,5.2,-573.6,0.0,-0.005735999999999971,1.005736
2016-01-20,0.0,0.0,-573.6,5.2,-573.6,0.0,-0.005735999999999971,1.005736
2016-01-21,0.0,0.0,-573.6,5.2,-573.6,0.0,-0.005735999999999971,1.005736
2016-01-22,0.0,0.0,-573.6,5.2,-573.6,0.0,-0.005735999999999971,1.005736
2016-01-25,0.0,0.0,-573.6,5.2,-573.6,0.0,-0.005735999999999971,1.005736
2016-01-26,0.0,0.0,-573.6,5.2,-573.6,0.0,-0.005735999999999971,1.005736
2016-01-27,0.0,0.0,-573.6,5.2,-573.6,0.0,-0.005735999999999971,1.005736
2016-01-28,0.0,0.0,-573.6,5.2,-573.6,0.0,-0.005735999999999971,1.005736
2016-01-29,0.0,0.0,-573.6,5.2,-573.6,0.0,-0.005735999999999971,1.005736
2016-02-01,0.0,0.0,-573.6,5.2,-573.6,0.0,-0.005735999999999971,1.005736
2016-02-02,0.0,0.0,-573.6,5.2,-573.6,0.0,-0.005735999999999971,1.005736
2016-02-03,0.0,0.0,-573.6,5.2,-573.6,0.0,-0.005735999999999971,1.005736
2016-02-04,0.0,0.0,-573.6,5.2,-573.6,0.0,-0.005735999999999971,1.005736
2016-02-05,0.0,0.0,-573.6,5.2,-573.6,0.0,-0.005735999999999971,1.005736
2016-02-15,0.0,0.0,-573.6,5.2,-573.6,0.0,-0.005735999999999971,1.005736
2016-02-16,0.0,0.0,-573.6,5.2,-573.6,0.0,-0.005735999999999971,1.005736
2016-02-17,0.0,0.0,-573.6,5.2,-573.6,0.0,-0.005735999999999971,1.005736
2016-02-18,0.0,0.0,-573.6,5.2,-573.6,0.0,-0.005735999999999971,1.005736
2016-02-19,0.0,0.0,-573.6,5.2,-573.6,0.0,-0.005735999999999971,1.005736
2016-02-22,0.0,0.0,-573.6,5.2,-573.6,0.0,-0.005735999999999971,1.005736
2016-02-23,0.0,0.0,-573.6,5.2,-573.6,0.0,-0.005735999999999971,1.005736
2016-02-24,0.0,0.0,-573.6,5.2,-573.6,0.0,-0.005735999999999971,1.005736
2016-02-25,0.0,0.0,-573.6,5.2,-573.6,0.0,-0.005735999999999971,1.005736
2016-02-26,0.0,0.0,-573.6,5.2,-573.6,0.0,-0.005735999999999971,1.005736
2016-02-29,0.0,0.0,-573.6,5.2,-573.6,0.0,-0.005735999999999971,1.005736
2016-03-01,0.0,0.0,-573.6,5.2,-573.6,0.0,-0.005735999999999971,1.005736
2016-03-02,0.0,0.0,-573.6,5.2,-573.6,0.0,-0.005735999999999971,1.005736
2016-03-03,0.0,0.0,-573.6,5.2,-573.6,0.0,-0.005735999999999971,1.005736
2016-03-04,0.0,0.0,-573.6,5.2,-573.6,0.0,-0.005735999999999971,1.005736
2016-03-07,0.0,0.0,-573.6,5.2,-573.6,0.0,-0.005735999999999971,1.005736
2016-03-08,0.0,0.0,-573.6,5.2,-573.6,0.0,-0.005735999999999971,1.005736
2016-03-09,0.0,0.0,-573.6,5.2,-573.6,0.0,-0.005735999999999971,1.005736
2016-03-10,0.0,0.0,-573.6,5.2,-573.6,0.0,-0.005735999999999971,1.005736
2016-03-11,0.0,0.0,-573.6,5.2,-573.6,0.0,-0.005735999999999971,1.005736
2016-03-14,0.0,0.0,-573.6,5.2,-573.6,0.0,-0.005735999999999971,1.005736
2016-03-15,0.0,0.0,-573.6,5.2,-573.6,0.0,-0.005735999999999971,1.005736
2016-03-16,0.0,0.0,-573.6,5.2,-573.6,0.0,-0.005735999999999971,1.005736
2016-03-17,0.0,0.0,-573.6,5.2,-573.6,0.0,-0.005735999999999971,1.005736
2016-03-18,0.0,0.0,-573.6,5.2,-573.6,0.0,-0.005735999999999971,1.005736
2016-03-21,0.0,0.0,-573.6,5.2,-573.6,0.0,-0.005735999999999971,1.005736
2016-03-22,0.0,0.0,-573.6,5.2,-573.6,0.0,-0.005735999999999971,1.005736
2016-03-23,0.0,0.0,-573.6,5.2,-573.6,0.0,-0.005735999999999971,1.005736
2016-03-24,0.0,623.4,649.4,6.5,1272.8,-3.218967921896792,0.012727999999999934,0.987272
2016-03-25,0.0,657.0,649.4,6.5,1306.4,0.026398491514770583,0.013063999999999932,0.986936
2016-03-28,0.0,622.4,649.4,6.5,1271.8,-0.026484996938150762,0.012717999999999932,0.9872820000000001
2016-03-29,0.0,593.7,649.4,6.5,1243.1,-0.022566441264349812,0.012430999999999933,0.987569
2016-03-30,0.0,607.5999999999999,649.4,6.5,1257.0,0.011181723111576058,0.012569999999999935,0.98743
2016-03-31,0.0,597.7,649.4,6.5,1247.1,-0.007875894988066845,0.012470999999999935,0.9875290000000001
2016-04-01,0.0,598.7,649.4,6.5,1248.1,0.0008018603159329896,0.012480999999999935,0.987519
2016-04-05,0.0,613.5,649.4,6.5,1262.9,0.011858024196779171,0.012628999999999935,0.9873710000000001
2016-04-06,0.0,612.5,649.4,6.5,1261.9,-0.0007918283316177277,0.012618999999999936,0.9873810000000001
2016-04-07,0.0,595.6999999999999,649.4,6.5,1245.1,-0.013313257785878552,0.012450999999999936,0.987549
2016-04-08,0.0,591.6999999999999,649.4,6.5,1241.1,-0.003212593365994665,0.012410999999999936,0.987589
2016-04-11,0.0,599.6,649.4,6.5,1249.0,0.006365321086133413,0.012489999999999937,0.9875100000000001
2016-04-12,0.0,594.7,649.4,6.5,1244.1,-0.003923138510808721,0.012440999999999936,0.9875590000000001
2016-04-13,0.0,627.3,649.4,6.5,1276.6999999999998,0.026203681376095078,0.012766999999999933,0.987233
2016-04-14,0.0,627.3,649.4,6.5,1276.6999999999998,0.0,0.012766999999999933,0.987233
2016-04-15,0.0,618.4,649.4,6.5,1267.8,-0.00697109736038215,0.012677999999999934,0.987322
2016-04-18,0.0,599.6,649.4,6.5,1249.0,-0.014828837356049784,0.012489999999999935,0.9875100000000001
2016-04-19,0.0,604.6,649.4,6.5,1254.0,0.004003202562049557,0.012539999999999933,0.9874600000000001
2016-04-20,0.0,565.0,649.4,6.5,1214.4,-0.03157894736842093,0.012143999999999936,0.9878560000000001
2016-04-21,0.0,557.1,649.4,6.5,1206.5,-0.006505270092226678,0.012064999999999935,0.9879350000000001
2016-04-22,0.0,559.1,649.4,6.5,1208.5,0.0016576875259013413,0.012084999999999934,0.9879150000000001
2016-04-25,0.0,553.1,649.4,6.5,1202.5,-0.004964832436905264,0.012024999999999935,0.987975
2016-04-26,0.0,558.1,649.4,6.5,1207.5,0.004158004158004047,0.012074999999999933,0.987925
2016-04-27,0.0,560.1,649.4,6.5,1209.5,0.0016563146997929934,0.012094999999999934,0.987905
2016-04-28,0.0,554.1,649.4,6.5,1203.5,-0.004960727573377399,0.012034999999999935,0.9879650000000001
2016-04-29,0.0,549.2,649.4,6.5,1198.6,-0.004071458246780346,0.011985999999999934,0.9880140000000001
2016-05-03,0.0,563.0,649.4,6.5,1212.4,0.011513432337727503,0.012123999999999935,0.9878760000000001
2016-05-04,0.0,560.1,649.4,6.5,1209.5,-0.0023919498515342363,0.012094999999999934,0.987905
2016-05-05,3122.0,563.0,2958.3,7.8,6643.3,4.4926002480363785,0.06643299999999963,0.9335670000000004
2016-05-06,3202.0000000000005,535.3,2958.3,7.8,6695.6,0.007872593440007236,0.06695599999999963,0.9330440000000004
2016-05-09,3060.0,0.0,-534.0,9.1,2526.0,-0.6227373200310652,0.02525999999999986,0.9747400000000002
2016-05-19,3603.0,0.0,-534.0,9.1,3069.0,0.21496437054631823,0.03068999999999983,0.9693100000000001
2016-05-20,3547.0,0.0,-534.0,9.1,3013.0,-0.018246985988921494,0.03012999999999983,0.9698700000000001
2016-05-23,3665.0,0.0,-534.0,9.1,3131.0,0.039163624294722865,0.031309999999999824,0.9686900000000002
2016-05-24,3682.0,0.0,-534.0,9.1,3148.0,0.00542957521558618,0.03147999999999983,0.9685200000000002
2016-05-25,3590.0,0.0,-534.0,9.1,3056.0,-0.029224904701397714,0.030559999999999834,0.9694400000000002
2016-05-26,3510.0,0.0,-534.0,9.1,2976.0,-0.02617801047120416,0.02975999999999984,0.9702400000000002
2016-05-27,3770.0000000000005,0.0,-534.0,9.1,3236.0000000000005,0.08736559139784972,0.03235999999999983,0.9676400000000002
2016-05-30,3907.0,0.0,-534.0,9.1,3373.0,0.04233621755253392,0.03372999999999982,0.9662700000000002
2016-05-31,3960.0,0.0,-534.0,9.1,3426.0,0.01571301512007106,0.03425999999999982,0.9657400000000002
2016-06-01,3900.0,0.0,-534.0,9.1,3366.0,-0.017513134851138368,0.03365999999999982,0.9663400000000002
2016-06-02,3911.0,0.0,-534.0,9.1,3377.0,0.0032679738562091387,0.03376999999999982,0.9662300000000001
2016-06-03,4090.9999999999995,0.0,-534.0,9.1,3556.9999999999995,0.05330174711282187,0.0355699999999998,0.9644300000000002
2016-06-06,4076.0,0.0,-534.0,9.1,3542.0,-0.0042170368287881566,0.035419999999999806,0.9645800000000002
2016-06-07,4036.9999999999995,0.0,-534.0,9.1,3502.9999999999995,-0.011010728402032877,0.035029999999999804,0.9649700000000002
2016-06-08,4063.0000000000005,0.0,-534.0,9.1,3529.0000000000005,0.007422209534684754,0.03528999999999981,0.9647100000000002
2016-06-13,3893.0,0.0,-534.0,9.1,3359.0,-0.04817228676678953,0.033589999999999814,0.9664100000000002
2016-06-14,3900.0,0.0,-534.0,9.1,3366.0,0.0020839535576064883,0.033659999999999815,0.9663400000000002
2016-06-15,3996.0,0.0,-534.0,9.1,3462.0,0.028520499108734443,0.03461999999999981,0.9653800000000002
2016-06-16,4197.0,0.0,-534.0,9.1,3663.0,0.058058925476603074,0.036629999999999795,0.9633700000000002
2016-06-17,4181.0,0.0,-534.0,9.1,3647.0,-0.00436800436800433,0.036469999999999794,0.9635300000000002
2016-06-20,4180.0,0.0,-534.0,9.1,3646.0,-0.0002741979709349751,0.0364599999999998,0.9635400000000002
2016-06-21,4223.0,0.0,-534.0,9.1,3689.0,0.011793746571585384,0.0368899999999998,0.9631100000000002
2016-06-22,4133.0,0.0,-534.0,9.1,3599.0,-0.02439685551640014,0.0359899999999998,0.9640100000000003
2016-06-23,4104.0,0.0,-534.0,9.1,3570.0,-0.008057793831619864,0.0356999999999998,0.9643000000000002
2016-06-24,3922.0,0.0,-534.0,9.1,3388.0,-0.050980392156862786,0.03387999999999981,0.9661200000000002
2016-06-27,4001.0,0.0,-534.0,9.1,3467.0,0.023317591499409707,0.03466999999999981,0.9653300000000002
2016-06-28,4094.0,0.0,-534.0,9.1,3560.0,0.026824343813094842,0.035599999999999805,0.9644000000000001
2016-06-29,4060.0,0.0,-534.0,9.1,3526.0,-0.009550561797752821,0.035259999999999805,0.9647400000000002
2016-06-30,4021.0,0.0,-534.0,9.1,3487.0,-0.01106069200226889,0.034869999999999804,0.9651300000000002
2016-07-01,3952.0000000000005,0.0,-534.0,9.1,3418.0000000000005,-0.019787783194723074,0.034179999999999815,0.9658200000000002
2016-07-04,3886.9999999999995,0.0,-534.0,9.1,3352.9999999999995,-0.019016968987712324,0.03352999999999981,0.9664700000000002
2016-07-05,3911.0,0.0,-534.0,9.1,3377.0,0.00715776916194466,0.033769999999999814,0.9662300000000001
2016-07-06,4284.0,0.0,-534.0,9.1,3750.0,0.11045306485045892,0.03749999999999979,0.9625000000000002
2016-07-07,4283.0,0.0,-534.0,9.1,3749.0,-0.0002666666666666373,0.037489999999999794,0.9625100000000002
2016-07-08,4338.0,0.0,-534.0,9.1,3804.0,0.014670578821018854,0.03803999999999979,0.9619600000000003
2016-07-11,4324.0,0.0,-534.0,9.1,3790.0,-0.003680336487907443,0.03789999999999979,0.9621000000000002
2016-07-12,4333.0,0.0,-534.0,9.1,3799.0,0.0023746701846965035,0.03798999999999979,0.9620100000000003
2016-07-13,4348.0,0.0,-534.0,9.1,3814.0,0.003948407475651505,0.038139999999999785,0.9618600000000002
2016-07-14,4393.0,0.0,-534.0,9.1,3859.0,0.011798636601992651,0.038589999999999784,0.9614100000000002
2016-07-15,4409.0,0.0,-534.0,9.1,3875.0,0.0041461518528116414,0.038749999999999785,0.9612500000000002
2016-07-18,4370.0,0.0,-534.0,9.1,3836.0,-0.010064516129032253,0.03835999999999979,0.9616400000000002
2016-07-19,4419.0,0.0,-534.0,9.1,3885.0,0.012773722627737127,0.03884999999999978,0.9611500000000002
2016-07-20,4545.0,0.0,-534.0,9.1,4011.0,0.03243243243243232,0.04010999999999977,0.9598900000000002
2016-07-21,4561.0,0.0,-534.0,9.1,4027.0,0.003989030167040664,0.04026999999999977,0.9597300000000002
2016-07-22,4618.0,0.0,-534.0,9.1,4084.0,0.014154457412465904,0.04083999999999977,0.9591600000000002
2016-07-25,5000.0,0.0,-534.0,9.1,4466.0,0.09353574926542607,0.04465999999999975,0.9553400000000003
2016-07-26,5040.0,0.0,-534.0,9.1,4506.0,0.008956560680698722,0.04505999999999975,0.9549400000000002
2016-07-27,4881.0,0.0,-534.0,9.1,4347.0,-0.035286284953395475,0.04346999999999976,0.9565300000000002
2016-07-28,4393.0,0.0,-534.0,9.1,3859.0,-0.11226132965263402,0.038589999999999784,0.9614100000000002
2016-07-29,4457.0,0.0,-534.0,9.1,3923.0,0.016584607411246344,0.03922999999999978,0.9607700000000002
2016-08-01,4110.0,0.0,-534.0,9.1,3576.0,-0.08845271475911287,0.0357599999999998,0.9642400000000002
2016-08-02,4150.0,0.0,-534.0,9.1,3616.0,0.01118568232662187,0.036159999999999796,0.9638400000000003
2016-08-03,4211.0,0.0,-534.0,9.1,3677.0,0.016869469026548733,0.036769999999999796,0.9632300000000003
2016-08-04,4434.0,0.0,-534.0,9.1,3900.0,0.06064726679358179,0.038999999999999785,0.9610000000000002
2016-08-05,4592.0,0.0,-534.0,9.1,4058.0,0.04051282051282046,0.040579999999999776,0.9594200000000003
2016-08-08,4592.0,0.0,-534.0,9.1,4058.0,0.0,0.040579999999999776,0.9594200000000003
2016-08-09,4650.0,0.0,-534.0,9.1,4116.0,0.01429275505174954,0.041159999999999766,0.9588400000000002
2016-08-10,4788.0,0.0,-534.0,9.1,4254.0,0.03352769679300294,0.04253999999999976,0.9574600000000002
2016-08-11,4694.0,0.0,-534.0,9.1,4160.0,-0.022096850023507253,0.04159999999999976,0.9584000000000003
2016-08-12,4747.0,0.0,-534.0,9.1,4213.0,0.012740384615384626,0.04212999999999976,0.9578700000000002
2016-08-15,4747.0,0.0,-534.0,9.1,4213.0,0.0,0.04212999999999976,0.9578700000000002
2016-08-16,4883.0,0.0,-534.0,9.1,4349.0,0.03228103489200085,0.043489999999999744,0.9565100000000003
2016-08-17,4883.0,0.0,-534.0,9.1,4349.0,0.0,0.043489999999999744,0.9565100000000003
2016-08-18,4889.0,0.0,-534.0,9.1,4355.0,0.0013796275005748537,0.04354999999999974,0.9564500000000002
2016-08-19,4889.0,0.0,-534.0,9.1,4355.0,0.0,0.04354999999999974,0.9564500000000002
2016-08-22,4750.0,0.0,-534.0,9.1,4216.0,-0.031917336394948315,0.04215999999999975,0.9578400000000002
2016-08-23,4774.0,0.0,-534.0,9.1,4240.0,0.005692599620493288,0.04239999999999975,0.9576000000000002
2016-08-24,4700.0,0.0,-534.0,9.1,4166.0,-0.01745283018867927,0.04165999999999975,0.9583400000000002
2016-08-25,4728.0,0.0,-534.0,9.1,4194.0,0.00672107537205946,0.04193999999999975,0.9580600000000002
2016-08-26,4870.0,0.0,-534.0,9.1,4336.0,0.03385789222699098,0.04335999999999974,0.9566400000000003
2016-08-29,5020.0,0.0,-534.0,9.1,4486.0,0.03459409594095941,0.04485999999999973,0.9551400000000003
2016-08-30,4927.0,0.0,-534.0,9.1,4393.0,-0.020731163620151594,0.04392999999999974,0.9560700000000003
2016-08-31,4973.0,0.0,-534.0,9.1,4439.0,0.010471204188481575,0.044389999999999735,0.9556100000000003
2016-09-01,4929.0,521.0,545.3,10.4,5995.3,0.35059698130209505,0.05995299999999964,0.9400470000000004
2016-09-02,4913.0,523.0,545.3,10.4,5981.3,-0.002335162543992797,0.05981299999999964,0.9401870000000003
2016-09-05,4875.0,527.0,545.3,10.4,5947.3,-0.005684382993663584,0.05947299999999964,0.9405270000000003
2016-09-06,4980.0,531.0,545.3,10.4,6056.3,0.018327644477325933,0.06056299999999964,0.9394370000000004
2016-09-07,4938.0,528.0,545.3,10.4,6011.3,-0.00743027921338113,0.06011299999999964,0.9398870000000004
2016-09-08,4969.0,531.0,545.3,10.4,6045.3,0.005656014506013607,0.06045299999999963,0.9395470000000004
2016-09-09,4970.0,525.0,545.3,10.4,6040.3,-0.0008270888127966947,0.06040299999999963,0.9395970000000003
2016-09-12,4739.0,511.00000000000006,545.3,10.4,5795.3,-0.04056089929308149,0.057952999999999644,0.9420470000000003
2016-09-13,4838.0,516.0,545.3,10.4,5899.3,0.017945576587924617,0.058992999999999636,0.9410070000000004
2016-09-14,4865.0,519.0,545.3,10.4,5929.3,0.0050853491092164305,0.05929299999999964,0.9407070000000004
2016-09-19,4880.0,522.0,545.3,10.4,5947.3,0.0030357715075979286,0.05947299999999964,0.9405270000000003
2016-09-20,4969.0,524.0,545.3,10.4,6038.3,0.015301060985657422,0.06038299999999964,0.9396170000000004
2016-09-21,4977.0,526.0,545.3,10.4,6048.3,0.0016560952585993327,0.06048299999999964,0.9395170000000004
2016-09-22,4905.0,536.0,545.3,10.4,5986.3,-0.01025081427839225,0.059862999999999646,0.9401370000000003
2016-09-23,4918.0,533.0,545.3,10.4,5996.3,0.001670480931460272,0.05996299999999965,0.9400370000000003
2016-09-26,4823.0,519.0,545.3,10.4,5887.3,-0.018177876357086897,0.058872999999999655,0.9411270000000004
2016-09-27,4827.0,571.0,545.3,10.4,5943.3,0.009512000407657206,0.05943299999999965,0.9405670000000004
2016-09-28,4740.0,553.0,545.3,10.4,5838.3,-0.017666952703043748,0.05838299999999966,0.9416170000000004
2016-09-29,4740.0,552.0,545.3,10.4,5837.3,-0.00017128273641298097,0.05837299999999966,0.9416270000000003
2016-09-30,4740.0,544.0,545.3,10.4,5829.3,-0.0013704966337176883,0.05829299999999966,0.9417070000000003
2016-10-10,4740.0,528.0,545.3,10.4,5813.3,-0.002744754944847605,0.05813299999999966,0.9418670000000003
2016-10-11,4740.0,535.0,545.3,10.4,5820.3,0.0012041353448126735,0.05820299999999965,0.9417970000000003
2016-10-12,4740.0,534.0,545.3,10.4,5819.3,-0.00017181244953012875,0.05819299999999965,0.9418070000000004
2016-10-13,4740.0,546.0,545.3,10.4,5831.3,0.002062103689447259,0.05831299999999965,0.9416870000000004
2016-10-14,4740.0,542.0,545.3,10.4,5827.3,-0.0006859533894671976,0.05827299999999965,0.9417270000000003
2016-10-17,4915.0,535.0,545.3,10.4,5995.3,0.028829818269181295,0.059952999999999645,0.9400470000000003
2016-10-18,4925.0,550.0,545.3,10.4,6020.3,0.004169933114272828,0.060202999999999646,0.9397970000000003
2016-10-19,4927.0,547.0,545.3,10.4,6019.3,-0.00016610467916877703,0.06019299999999965,0.9398070000000004
2016-10-20,4874.0,542.0,545.3,10.4,5961.3,-0.009635671921984335,0.05961299999999965,0.9403870000000003
2016-10-21,4850.0,542.0,545.3,10.4,5937.3,-0.0040259674903124765,0.059372999999999655,0.9406270000000003
2016-10-24,4828.0,547.0,545.3,10.4,5920.3,-0.0028632543411988287,0.05920299999999966,0.9407970000000003
2016-10-25,4818.0,552.0,545.3,10.4,5915.3,-0.00084455179636167,0.05915299999999966,0.9408470000000003
2016-10-26,4850.0,550.0,545.3,10.4,5945.3,0.00507159400199475,0.05945299999999965,0.9405470000000004
2016-10-27,4900.0,544.0,545.3,10.4,5989.3,0.007400803996434169,0.05989299999999965,0.9401070000000004
2016-10-28,4900.0,547.0,545.3,10.4,5992.3,0.0005008932596464177,0.05992299999999965,0.9400770000000004
2016-10-31,4960.0,542.0,545.3,10.4,6047.3,0.0091784456719457,0.06047299999999965,0.9395270000000003
2016-11-01,5012.0,546.0,545.3,10.4,6103.3,0.009260331056835325,0.06103299999999965,0.9389670000000003
2016-11-02,5155.0,549.0,545.3,10.4,6249.3,0.023921485098225448,0.06249299999999963,0.9375070000000003
2016-11-03,5431.0,551.0,545.3,10.4,6527.3,0.04448498231801956,0.06527299999999961,0.9347270000000004
2016-11-04,5391.0,553.0,545.3,10.4,6489.3,-0.005821702694835507,0.06489299999999962,0.9351070000000004
2016-11-07,5440.0,554.0,545.3,10.4,6539.3,0.007704991293359775,0.0653929999999996,0.9346070000000004
2016-11-08,5582.0,555.0,545.3,10.4,6682.3,0.021867784013579472,0.06682299999999959,0.9331770000000004
2016-11-09,5699.0,565.0,545.3,10.4,6809.3,0.0190054322613471,0.06809299999999958,0.9319070000000004
2016-11-10,5830.0,569.0,545.3,10.4,6944.3,0.019825826443246708,0.06944299999999957,0.9305570000000004
2016-11-11,5660.0,562.0,545.3,10.4,6767.3,-0.02548853016142738,0.06767299999999958,0.9323270000000005
2016-11-14,5684.0,572.0,545.3,10.4,6801.3,0.005024160300267422,0.06801299999999957,0.9319870000000005
2016-11-15,5630.0,568.0,545.3,10.4,6743.3,-0.008527781453545602,0.06743299999999958,0.9325670000000004
2016-11-16,5680.0,563.0,545.3,10.4,6788.3,0.006673290525410325,0.06788299999999957,0.9321170000000004
2016-11-17,5609.0,565.0,545.3,10.4,6719.3,-0.010164547824934034,0.06719299999999957,0.9328070000000004
2016-11-18,5680.0,576.0,545.3,10.4,6801.3,0.01220365216614816,0.06801299999999956,0.9319870000000005
2016-11-21,5684.0,587.0,545.3,10.4,6816.3,0.0022054607207444565,0.06816299999999956,0.9318370000000005
2016-11-22,5750.0,599.0,545.3,10.4,6894.3,0.011443158311694068,0.06894299999999956,0.9310570000000005
2016-11-23,5757.0,606.0,545.3,10.4,6908.3,0.002030663011473255,0.06908299999999956,0.9309170000000004
2016-11-24,5882.0,602.0,545.3,10.4,7029.3,0.01751516291996591,0.07029299999999956,0.9297070000000004
2016-11-25,5854.0,613.0,545.3,10.4,7012.3,-0.0024184484941601747,0.07012299999999956,0.9298770000000004
2016-11-28,5850.0,630.0,545.3,10.4,7025.3,0.0018538853158023283,0.07025299999999957,0.9297470000000004
2016-11-29,5819.0,629.0,545.3,10.4,6993.3,-0.004554965624243845,0.06993299999999956,0.9300670000000004
2016-11-30,5788.0,623.0,545.3,10.4,6956.3,-0.005290778316388578,0.06956299999999957,0.9304370000000004
2016-12-01,5793.0,610.0,545.3,10.4,6948.3,-0.0011500366574184184,0.06948299999999957,0.9305170000000005
2016-12-02,5570.0,597.0,545.3,10.4,6712.3,-0.033965142552854655,0.06712299999999959,0.9328770000000004
2016-12-05,5013.0,588.0,545.3,10.4,6146.3,-0.08432281036306477,0.06146299999999962,0.9385370000000004
2016-12-06,5141.0,604.0,545.3,10.4,6290.3,0.023428729479524346,0.06290299999999961,0.9370970000000004
2016-12-07,5390.0,632.0,545.3,10.4,6567.3,0.044036055514045325,0.06567299999999959,0.9343270000000004
2016-12-08,5338.0,632.0,545.3,10.4,6515.3,-0.007918018059171916,0.0651529999999996,0.9348470000000004
2016-12-09,5318.0,641.0,545.3,10.4,6504.3,-0.001688333614722315,0.0650429999999996,0.9349570000000004
2016-12-12,4786.0,606.0,545.3,10.4,5937.3,-0.08717310087173102,0.059372999999999634,0.9406270000000003
2016-12-13,4786.0,610.0,545.3,10.4,5941.3,0.0006737069038114107,0.059412999999999626,0.9405870000000004
2016-12-14,4700.0,584.0,545.3,10.4,5829.3,-0.018851093195091928,0.05829299999999964,0.9417070000000004
2016-12-15,4450.0,612.0,545.3,10.4,5607.3,-0.03808347485976016,0.05607299999999965,0.9439270000000004
2016-12-16,4668.0,615.0,545.3,10.4,5828.3,0.03941290817327414,0.05828299999999964,0.9417170000000004
2016-12-19,4666.0,599.0,545.3,10.4,5810.3,-0.003088379115694151,0.05810299999999964,0.9418970000000003
2016-12-20,4638.0,581.0,545.3,10.4,5764.3,-0.007916975027107087,0.05764299999999964,0.9423570000000003
2016-12-21,4621.0,579.0,545.3,10.4,5745.3,-0.0032961504432454936,0.05745299999999964,0.9425470000000004
2016-12-22,4610.0,572.0,545.3,10.4,5727.3,-0.0031329956660226532,0.057272999999999644,0.9427270000000003
2016-12-23,4474.0,560.0,545.3,10.4,5579.3,-0.02584114678818994,0.05579299999999965,0.9442070000000004
2016-12-26,4198.0,564.0,545.3,10.4,5307.3,-0.04875163550983097,0.05307299999999967,0.9469270000000003
2016-12-27,4186.0,568.0,545.3,10.4,5299.3,-0.0015073577902134927,0.05299299999999967,0.9470070000000004
2016-12-28,4244.0,555.0,545.3,10.4,5344.3,0.008491687581378748,0.05344299999999967,0.9465570000000003
2016-12-29,4190.0,555.0,545.3,10.4,5290.3,-0.01010422319106341,0.05290299999999967,0.9470970000000003
2016-12-30,0.0,561.0,-4188.7,11.700000000000001,-3627.7,-1.6857267073700923,-0.03627699999999977,1.0362769999999997
2017-01-03,0.0,567.0,-4188.7,11.700000000000001,-3621.7,-0.0016539405132728335,-0.03621699999999977,1.0362169999999997
2017-01-04,0.0,573.0,-4188.7,11.700000000000001,-3615.7,-0.0016566805643758453,-0.03615699999999977,1.0361569999999998
2017-01-05,0.0,567.0,-4188.7,11.700000000000001,-3621.7,0.0016594297093233124,-0.03621699999999978,1.0362169999999997
2017-01-06,0.0,570.0,-4188.7,11.700000000000001,-3618.7,-0.0008283402821879227,-0.036186999999999775,1.0361869999999997
2017-01-09,0.0,573.0,-4188.7,11.700000000000001,-3615.7,-0.0008290269986459542,-0.03615699999999977,1.0361569999999998
2017-01-10,0.0,575.0,-4188.7,11.700000000000001,-3613.7,-0.0005531432364410671,-0.036136999999999773,1.0361369999999999
2017-01-11,0.0,571.0,-4188.7,11.700000000000001,-3617.7,0.0011068987464371016,-0.03617699999999977,1.0361769999999997
2017-01-12,0.0,560.0,-4188.7,11.700000000000001,-3628.7,0.003040605909832239,-0.03628699999999977,1.0362869999999997
2017-01-13,0.0,554.0,-4188.7,11.700000000000001,-3634.7,0.0016534847190454727,-0.036346999999999775,1.0363469999999997
2017-01-16,0.0,528.0,-4188.7,11.700000000000001,-3660.7,0.00715327262222476,-0.03660699999999978,1.0366069999999998
2017-01-17,0.0,540.0,-4188.7,11.700000000000001,-3648.7,-0.0032780615729232077,-0.03648699999999978,1.0364869999999997
2017-01-18,0.0,540.0,-4188.7,11.700000000000001,-3648.7,0.0,-0.03648699999999978,1.0364869999999997
2017-01-19,0.0,530.0,-4188.7,11.700000000000001,-3658.7,0.002740702167895348,-0.03658699999999977,1.0365869999999997
2017-01-20,0.0,539.0,-4188.7,11.700000000000001,-3649.7,-0.002459890124907771,-0.03649699999999977,1.0364969999999998
2017-01-23,0.0,547.0,-4188.7,11.700000000000001,-3641.7,-0.0021919609830944875,-0.036416999999999776,1.0364169999999997
2017-01-24,0.0,543.0,-4188.7,11.700000000000001,-3645.7,0.0010983881154404962,-0.036456999999999774,1.0364569999999997
2017-01-25,0.0,0.0,-541.7,13.000000000000002,-541.7,-0.8514139945689442,-0.005416999999999969,1.005417
2017-01-26,0.0,0.0,-541.7,13.000000000000002,-541.7,0.0,-0.005416999999999969,1.005417
2017-02-03,0.0,0.0,-541.7,13.000000000000002,-541.7,0.0,-0.005416999999999969,1.005417
2017-02-06,0.0,0.0,-541.7,13.000000000000002,-541.7,0.0,-0.005416999999999969,1.005417
2017-02-07,0.0,0.0,-541.7,13.000000000000002,-541.7,0.0,-0.005416999999999969,1.005417
2017-02-08,0.0,0.0,-541.7,13.000000000000002,-541.7,0.0,-0.005416999999999969,1.005417
2017-02-09,0.0,0.0,-541.7,13.000000000000002,-541.7,0.0,-0.005416999999999969,1.005417
2017-02-10,0.0,0.0,-541.7,13.000000000000002,-541.7,0.0,-0.005416999999999969,1.005417
2017-02-13,0.0,0.0,-541.7,13.000000000000002,-541.7,0.0,-0.005416999999999969,1.005417
2017-02-14,0.0,0.0,-541.7,13.000000000000002,-541.7,0.0,-0.005416999999999969,1.005417
2017-02-15,0.0,0.0,-541.7,13.000000000000002,-541.7,0.0,-0.005416999999999969,1.005417
2017-02-16,0.0,0.0,-541.7,13.000000000000002,-541.7,0.0,-0.005416999999999969,1.005417
2017-02-17,0.0,0.0,-541.7,13.000000000000002,-541.7,0.0,-0.005416999999999969,1.005417
2017-02-20,0.0,0.0,-541.7,13.000000000000002,-541.7,0.0,-0.005416999999999969,1.005417
2017-02-21,0.0,0.0,-541.7,13.000000000000002,-541.7,0.0,-0.005416999999999969,1.005417
2017-02-22,0.0,0.0,-541.7,13.000000000000002,-541.7,0.0,-0.005416999999999969,1.005417
2017-02-23,0.0,0.0,-541.7,13.000000000000002,-541.7,0.0,-0.005416999999999969,1.005417
2017-02-24,0.0,0.0,-541.7,13.000000000000002,-541.7,0.0,-0.005416999999999969,1.005417
2017-02-27,0.0,0.0,-541.7,13.000000000000002,-541.7,0.0,-0.005416999999999969,1.005417
2017-02-28,0.0,0.0,-541.7,13.000000000000002,-541.7,0.0,-0.005416999999999969,1.005417
2017-03-01,0.0,0.0,-541.7,13.000000000000002,-541.7,0.0,-0.005416999999999969,1.005417
2017-03-02,0.0,0.0,-541.7,13.000000000000002,-541.7,0.0,-0.005416999999999969,1.005417
2017-03-03,0.0,0.0,-541.7,13.000000000000002,-541.7,0.0,-0.005416999999999969,1.005417
2017-03-06,0.0,0.0,-541.7,13.000000000000002,-541.7,0.0,-0.005416999999999969,1.005417
2017-03-07,0.0,0.0,-541.7,13.000000000000002,-541.7,0.0,-0.005416999999999969,1.005417
2017-03-08,0.0,0.0,-541.7,13.000000000000002,-541.7,0.0,-0.005416999999999969,1.005417
2017-03-09,0.0,0.0,-541.7,13.000000000000002,-541.7,0.0,-0.005416999999999969,1.005417
2017-03-10,0.0,0.0,-541.7,13.000000000000002,-541.7,0.0,-0.005416999999999969,1.005417
2017-03-13,0.0,0.0,-541.7,13.000000000000002,-541.7,0.0,-0.005416999999999969,1.005417
2017-03-14,0.0,0.0,-541.7,13.000000000000002,-541.7,0.0,-0.005416999999999969,1.005417
2017-03-15,0.0,0.0,-541.7,13.000000000000002,-541.7,0.0,-0.005416999999999969,1.005417
2017-03-16,0.0,0.0,-541.7,13.000000000000002,-541.7,0.0,-0.005416999999999969,1.005417
2017-03-17,0.0,0.0,-541.7,13.000000000000002,-541.7,0.0,-0.005416999999999969,1.005417
2017-03-20,0.0,0.0,-541.7,13.000000000000002,-541.7,0.0,-0.005416999999999969,1.005417
2017-03-21,0.0,0.0,-541.7,13.000000000000002,-541.7,0.0,-0.005416999999999969,1.005417
2017-03-22,0.0,0.0,-541.7,13.000000000000002,-541.7,0.0,-0.005416999999999969,1.005417
2017-03-23,0.0,0.0,-541.7,13.000000000000002,-541.7,0.0,-0.005416999999999969,1.005417
2017-03-24,0.0,0.0,-541.7,13.000000000000002,-541.7,0.0,-0.005416999999999969,1.005417
2017-03-27,0.0,0.0,-541.7,13.000000000000002,-541.7,0.0,-0.005416999999999969,1.005417
2017-03-28,0.0,0.0,-541.7,13.000000000000002,-541.7,0.0,-0.005416999999999969,1.005417
2017-03-29,0.0,0.0,-541.7,13.000000000000002,-541.7,0.0,-0.005416999999999969,1.005417
2017-03-30,0.0,0.0,-541.7,13.000000000000002,-541.7,0.0,-0.005416999999999969,1.005417
2017-03-31,0.0,0.0,-541.7,13.000000000000002,-541.7,0.0,-0.005416999999999969,1.005417
2017-04-05,0.0,0.0,-541.7,13.000000000000002,-541.7,0.0,-0.005416999999999969,1.005417
2017-04-06,0.0,0.0,-541.7,13.000000000000002,-541.7,0.0,-0.005416999999999969,1.005417
2017-04-07,0.0,0.0,-541.7,13.000000000000002,-541.7,0.0,-0.005416999999999969,1.005417
2017-04-10,0.0,0.0,-541.7,13.000000000000002,-541.7,0.0,-0.005416999999999969,1.005417
2017-04-11,0.0,0.0,-541.7,13.000000000000002,-541.7,0.0,-0.005416999999999969,1.005417
2017-04-12,0.0,0.0,-541.7,13.000000000000002,-541.7,0.0,-0.005416999999999969,1.005417
2017-04-13,0.0,0.0,-541.7,13.000000000000002,-541.7,0.0,-0.005416999999999969,1.005417
2017-04-14,0.0,0.0,-541.7,13.000000000000002,-541.7,0.0,-0.005416999999999969,1.005417
2017-04-17,0.0,0.0,-541.7,13.000000000000002,-541.7,0.0,-0.005416999999999969,1.005417
2017-04-18,0.0,0.0,-541.7,13.000000000000002,-541.7,0.0,-0.005416999999999969,1.005417
2017-04-19,0.0,0.0,-541.7,13.000000000000002,-541.7,0.0,-0.005416999999999969,1.005417
2017-04-20,0.0,0.0,-541.7,13.000000000000002,-541.7,0.0,-0.005416999999999969,1.005417
2017-04-21,0.0,0.0,-541.7,13.000000000000002,-541.7,0.0,-0.005416999999999969,1.005417
2017-04-24,0.0,582.0,606.3,14.300000000000002,1188.3,-3.19364962156175,0.01188299999999993,0.988117
2017-04-25,0.0,599.0,606.3,14.300000000000002,1205.3,0.014306151645207432,0.012052999999999928,0.987947
2017-04-26,0.0,623.0,606.3,14.300000000000002,1229.3,0.019912055090019143,0.012292999999999927,0.9877070000000001
2017-04-27,0.0,616.0,606.3,14.300000000000002,1222.3,-0.00569429756772144,0.012222999999999928,0.9877770000000001
2017-04-27,0.0,616.0,606.3,14.300000000000002,1222.3,0.0,0.012222999999999928,0.9877770000000001
